FirstName,LastName,Email,Password
admin,admin,admin,admin
Valentín,López,valelopee8@gmail.com,lopez
Marcelo,Gallardo,marcelo@gmail.com,gallardo
Fernando,Gago,fernando@gmail.com,gago
Julio,Vaccari,julio@gmail.com,vaccari
Gustavo,Costas,diego@gmail.com,costas